{"schemaVersion":"1.0","appDefinitionTemplate":{"id":"/providers/Microsoft.PowerApps/apps/","type":"Microsoft.PowerApps/apps","tags":{"primaryDeviceWidth":"640","primaryDeviceHeight":"1136","supportsPortrait":"true","supportsLandscape":"true","primaryFormFactor":"Phone","publisherVersion":"3.23012.17","minimumRequiredApiVersion":"2.2.0","hasComponent":"false","hasUnlockedComponent":"false","isUnifiedRootApp":"false","sienaVersion":"20230119T125409Z-3.23012.17.0"},"properties":{"appVersion":"2023-01-19T12:54:09Z","lifeCycleId":"Published","createdByClientVersion":{"major":3,"minor":23012,"build":17,"revision":0,"majorRevision":0,"minorRevision":0},"minClientVersion":{"major":3,"minor":23012,"build":17,"revision":0,"majorRevision":0,"minorRevision":0},"backgroundColor":"RGBA(0,176,240,1)","backgroundImageUri":"/17182569006973402879/N2836560c-6cce-4613-bfbb-4d3f1aee4f5f-logoSmallFile","displayName":"Upcl","description":"","commitMessage":"","appUris":{"documentUri":{"value":"/17182569006973402879/Ncf44e631-2269-4374-8672-36ea64985703-document.msapp"},"imageUris":[],"additionalUris":[]},"createdTime":"0001-01-01T00:00:00Z","lastModifiedTime":"0001-01-01T00:00:00Z","sharedGroupsCount":0,"sharedUsersCount":0,"icons":{"smallIconUri":"/17182569006973402879/N7e9b96aa-906e-4867-8a9f-47ecc601d000-small.png","mediumIconUri":"/17182569006973402879/N539da32a-449e-468f-80a6-4244d1b75274-medium.png","largeIconUri":"/17182569006973402879/N6320b91e-57cc-4681-b100-138cc718e15b-large.png","wideIconUri":"/17182569006973402879/N101ff01c-cbde-4729-bf85-15d3437d4acb-wide.png"},"connectionReferences":{"5707aa38-8542-49ee-8591-c8ec2fce788a":{"id":"85f9197f-0de1-4463-8e27-aa54dd47b5c0","displayName":"Office 365 Users","iconUri":"https://connectoricons-prod.azureedge.net/releases/v1.0.1611/1.0.1611.3104/office365users/icon.png","dataSources":["Office365Users"],"dependencies":[],"dependents":[],"parameterHints":{},"parameterHintsV2":{},"isOnPremiseConnection":false,"bypassConsent":false,"dataSets":{},"apiTier":"Standard","isCustomApiConnection":false,"actions":["SearchUser","UserPhoto_V2"]},"33295e13-62dd-4f03-b402-7f2a5a226eda":{"id":"a149f674-afa1-417a-9f0d-6e1593b500ba","displayName":"Google Sheets","iconUri":"https://connectoricons-prod.azureedge.net/releases/v1.0.1590/1.0.1590.2954/googlesheet/icon.png","dataSources":["Sheet1","Pay your Bill"],"dependencies":[],"dependents":[],"parameterHints":{},"parameterHintsV2":{},"isOnPremiseConnection":false,"bypassConsent":false,"dataSets":{"1n9XCJtPoXqXvehR1Iq2nH_OZ1PTuCtGblez6mOr2Ug0":{"dataSources":{"Sheet1":{"tableName":"0"},"Pay your Bill":{"tableName":"700571827"}}}},"apiTier":"Standard","isCustomApiConnection":false,"actions":["providers/PowerPlatform.Governance/Operations/Read","providers/PowerPlatform.Governance/Operations/Write"]},"cbc1a0d6-c040-434f-91d1-0f4280918e8f":{"id":"a149f674-afa1-417a-9f0d-6e1593b500ba","displayName":"Google Sheets","iconUri":"https://connectoricons-prod.azureedge.net/releases/v1.0.1590/1.0.1590.2954/googlesheet/icon.png","dataSources":["View Your Bill","Login","Complaints","Service Request"],"dependencies":[],"dependents":[],"parameterHints":{},"parameterHintsV2":{},"isOnPremiseConnection":false,"bypassConsent":false,"dataSets":{"1n9XCJtPoXqXvehR1Iq2nH_OZ1PTuCtGblez6mOr2Ug0":{"dataSources":{"View Your Bill":{"tableName":"1016662708"},"Login":{"tableName":"350235008"},"Complaints":{"tableName":"1164503378"},"Service Request":{"tableName":"746553210"}}}},"apiTier":"Standard","isCustomApiConnection":false,"actions":["providers/PowerPlatform.Governance/Operations/Read","providers/PowerPlatform.Governance/Operations/Write"]}},"databaseReferences":{},"almMode":"Environment","performanceOptimizationEnabled":true,"canConsumeAppPass":true,"enableModernRuntimeMode":false,"executionRestrictions":{"isTeamsOnly":false,"dataLossPreventionEvaluationResult":{"status":"Compliant","lastEvaluationDate":"2023-01-16T10:32:05.539398Z","violations":[],"violationsByPolicy":[],"violationErrorMessage":"The app uses the following connectors: shared_office365users, shared_googlesheet."}}},"appType":"ClassicCanvasApp","appComponents":[]}}